{
  "who_are_you": {
    "precision": 0.9112149532710281,
    "recall": 0.8441558441558441,
    "f1-score": 0.8764044943820225,
    "support": 231,
    "confused_with": {
      "last_name": 13,
      "time": 4
    }
  },
  "deny": {
    "precision": 0.95,
    "recall": 0.76,
    "f1-score": 0.8444444444444444,
    "support": 225,
    "confused_with": {
      "continue_asking": 10,
      "greet": 8
    }
  },
  "scanner_suggest": {
    "precision": 1.0,
    "recall": 0.9743589743589743,
    "f1-score": 0.9870129870129869,
    "support": 78,
    "confused_with": {
      "scanner_results": 2
    }
  },
  "who_create_you": {
    "precision": 0.9545454545454546,
    "recall": 0.9051724137931034,
    "f1-score": 0.9292035398230089,
    "support": 116,
    "confused_with": {
      "who_are_you": 6,
      "scanner_results": 2
    }
  },
  "want_to_ask": {
    "precision": 0.7254901960784313,
    "recall": 0.7928571428571428,
    "f1-score": 0.757679180887372,
    "support": 140,
    "confused_with": {
      "continue_asking": 20,
      "attention": 3
    }
  },
  "scanner_run_model": {
    "precision": 1.0,
    "recall": 1.0,
    "f1-score": 1.0,
    "support": 15,
    "confused_with": {}
  },
  "food_recommender_suggest": {
    "precision": 1.0,
    "recall": 1.0,
    "f1-score": 1.0,
    "support": 19,
    "confused_with": {}
  },
  "time": {
    "precision": 0.6896551724137931,
    "recall": 1.0,
    "f1-score": 0.8163265306122449,
    "support": 20,
    "confused_with": {}
  },
  "attention": {
    "precision": 0.42857142857142855,
    "recall": 0.3582089552238806,
    "f1-score": 0.39024390243902435,
    "support": 67,
    "confused_with": {
      "last_name": 26,
      "continue_asking": 8
    }
  },
  "greet": {
    "precision": 0.8090909090909091,
    "recall": 0.5493827160493827,
    "f1-score": 0.6544117647058824,
    "support": 162,
    "confused_with": {
      "last_name": 35,
      "attention": 11
    }
  },
  "insult": {
    "precision": 0.8662420382165605,
    "recall": 0.5811965811965812,
    "f1-score": 0.6956521739130436,
    "support": 234,
    "confused_with": {
      "last_name": 66,
      "continue_asking": 9
    }
  },
  "camera": {
    "precision": 1.0,
    "recall": 1.0,
    "f1-score": 1.0,
    "support": 51,
    "confused_with": {}
  },
  "compliment": {
    "precision": 0.6607142857142857,
    "recall": 0.3627450980392157,
    "f1-score": 0.46835443037974683,
    "support": 102,
    "confused_with": {
      "last_name": 29,
      "continue_asking": 17
    }
  },
  "health_inquire": {
    "precision": 0.8497109826589595,
    "recall": 0.6099585062240664,
    "f1-score": 0.7101449275362319,
    "support": 241,
    "confused_with": {
      "continue_asking": 27,
      "insult": 12
    }
  },
  "how_to_use": {
    "precision": 1.0,
    "recall": 1.0,
    "f1-score": 1.0,
    "support": 14,
    "confused_with": {}
  },
  "goodbye": {
    "precision": 0.9555555555555556,
    "recall": 0.6231884057971014,
    "f1-score": 0.7543859649122807,
    "support": 69,
    "confused_with": {
      "last_name": 10,
      "mood_great": 5
    }
  },
  "stop_asking": {
    "precision": 0.7889908256880734,
    "recall": 0.5276073619631901,
    "f1-score": 0.6323529411764706,
    "support": 163,
    "confused_with": {
      "last_name": 21,
      "dont_want_to_ask": 14
    }
  },
  "date": {
    "precision": 0.8,
    "recall": 0.8,
    "f1-score": 0.8000000000000002,
    "support": 15,
    "confused_with": {
      "scanner_results": 2,
      "time": 1
    }
  },
  "continue_asking": {
    "precision": 0.2411764705882353,
    "recall": 0.6507936507936508,
    "f1-score": 0.35193133047210295,
    "support": 63,
    "confused_with": {
      "last_name": 14,
      "affirm": 3
    }
  },
  "mood_unhappy": {
    "precision": 0.7941176470588235,
    "recall": 0.9310344827586207,
    "f1-score": 0.8571428571428571,
    "support": 29,
    "confused_with": {
      "insult": 1,
      "continue_asking": 1
    }
  },
  "scanner_load_model": {
    "precision": 1.0,
    "recall": 1.0,
    "f1-score": 1.0,
    "support": 24,
    "confused_with": {}
  },
  "affirm": {
    "precision": 0.8,
    "recall": 0.5128205128205128,
    "f1-score": 0.625,
    "support": 78,
    "confused_with": {
      "last_name": 14,
      "continue_asking": 8
    }
  },
  "scanner_results": {
    "precision": 0.6060606060606061,
    "recall": 1.0,
    "f1-score": 0.7547169811320755,
    "support": 20,
    "confused_with": {}
  },
  "mood_great": {
    "precision": 0.7323943661971831,
    "recall": 0.8666666666666667,
    "f1-score": 0.7938931297709925,
    "support": 60,
    "confused_with": {
      "compliment": 4,
      "last_name": 2
    }
  },
  "dont_want_to_ask": {
    "precision": 0.5510204081632653,
    "recall": 0.7714285714285715,
    "f1-score": 0.6428571428571429,
    "support": 35,
    "confused_with": {
      "continue_asking": 3,
      "last_name": 2
    }
  },
  "last_name": {
    "precision": 0.007874015748031496,
    "recall": 1.0,
    "f1-score": 0.015625,
    "support": 2,
    "confused_with": {}
  },
  "translate_suggest": {
    "precision": 0.75,
    "recall": 1.0,
    "f1-score": 0.8571428571428571,
    "support": 21,
    "confused_with": {}
  },
  "first_name": {
    "precision": 0.6666666666666666,
    "recall": 0.5,
    "f1-score": 0.5714285714285715,
    "support": 4,
    "confused_with": {
      "last_name": 2
    }
  },
  "scanner_gallery": {
    "precision": 1.0,
    "recall": 1.0,
    "f1-score": 1.0,
    "support": 16,
    "confused_with": {}
  },
  "accuracy": 0.7013828867761452,
  "macro avg": {
    "precision": 0.7772100683547343,
    "recall": 0.7903991684181553,
    "f1-score": 0.7512536259369434,
    "support": 2314
  },
  "weighted avg": {
    "precision": 0.8223577710175735,
    "recall": 0.7013828867761452,
    "f1-score": 0.7437062586792588,
    "support": 2314
  },
  "micro avg": {
    "precision": 0.7013828867761452,
    "recall": 0.7013828867761452,
    "f1-score": 0.7013828867761452,
    "support": 2314
  }
}